http://3g2upl4pq6kufc4m.onion,0.007810376301371812
http://4do6yq4iwstidagh.onion,0.014540955835562369
http://5j7saze5byfqccf3.onion,0.02044573922729489
http://5qlhz3jow7zhxtpx.onion,0.019341784474116167
http://6f6ejaiiixypfqaf.onion,0.014078622884681223
http://6lhmirnluwmvjw4z.onion,0.012377860741564732
http://6nhxqcogfcwqzgnm.onion,0.018037064653118356
http://6nvqpgx7bih375fx.onion,0.010883179234037732
http://6zwq6bghdyviqf7r.onion,0.02194414433767067
http://7sk2kov2xwx6cbc32phynrifegg6pklmzs7luwcggtzrnlsolxxuyfyd.onion,0.001254281358338612
http://b5tearqs4v4nvbup.onion,0.005043326797214025
http://bocl4xqbak4xvlh4.onion,0.0025083578587127833
http://clgs64523yi2bkhz.onion,0.03488180855881541
http://cwoiopiifrlzcuos.onion,0.007928636272353016
http://e3v3x57ykz25uvij.onion,0.017901697040204695
http://eexekfp2ye4h643c.onion,0.006302029901812742
http://ehcxwl4f62lkek65.onion,0.003082896564006107
http://ex4gh7cig5ssn2xm.onion,0.02732931464016963
http://expyuzz4wqqyqhjn.onion,0.00479815211398382
http://f6syxyjdgzbeacry.onion,0.050139709707938865
http://f7bphdxlqca3sevt.onion,0.0030003705100293044
http://gl3n4wtekbfaubye.onion,0.0036312074459075197
http://gmg7jl25ony5g7ws.onion,0.027463217665195296
http://habaivdfcyamjhkk.onion,0.028120563560540934
http://hcxmf67v3ltykmww.onion,0.00053510071805293
http://hd37oiauf5uoz7gg.onion,0.005026581758512996
http://hdfcrogj3fayr7wl.onion,0.001075785461210161
http://keybase5wmilwokqirssclfnsqrjdsi7jdir5wy7y7iu3tanwmtp6oid.onion,0.026565679798912858
http://ktqxbqrhg5ai2c7f.onion,0.004628831498347103
http://lljrzrimek6if67j.onion,0.0024711277588802894
http://m4hynbhhctdk27jr.onion,0.00810266813240451
http://m6rqq6kocsyugo2laitup5nn32bwm3lh677chuodjfmggczoafzwfcad.onion,0.006060851149779371
http://nbybwh4atabu6xq3.onion,0.006640457150583464
http://nrkvarslekidu2uz.onion,0.015134517457725637
http://pugljpwjhbiagkrn.onion,0.029096309802646367
http://rbugf2rz5lmjbfun.onion,0.028222944473280682
http://sejnfjrq6szgca7v.onion,0.0002613800718242666
http://sgvtcaew4bxjd7ln.onion,0.00533844725441126
http://smb7p276iht3i2fj.onion,0.001382780149140575
http://sml5wmpuq7ifq2mh.onion,0.004295901524038955
http://ugw3zjsayleoamaz.onion,0.01320848541290485
http://vral2uljb3ndhhxr.onion,0.004150525588341265
http://vwakviie2ienjx6t.onion,0.004788853285353313
http://w7t5f3u4mej6dvpt.onion,0.015012739000779004
http://www.qubesosfasa4zl44o4tws22di6kepyzfeqv3tg4e3ztknltfxqrymdad.onion,0.013553802991490688
http://xpx3m5hcnrkds5wg.onion,0.01011205847990075
http://xwt2mqq64h63ydp5.onion,0.019725892842298125
http://ynvs3km32u33agwq.onion,0.4
http://zdfsyv3rubuhpql3.onion,0.00741052152515806
http://ztjn5gcdsqeqzmw4.onion,0.004352459029381786
