onion,n_requests
http://ynvs3km32u33agwq.onion,0.02
http://4do6yq4iwstidagh.onion,0.02
http://5j7saze5byfqccf3.onion,0.02
http://5qlhz3jow7zhxtpx.onion,0.02
http://6f6ejaiiixypfqaf.onion,0.02
http://6lhmirnluwmvjw4z.onion,0.02
http://6nhxqcogfcwqzgnm.onion,0.02
http://6nvqpgx7bih375fx.onion,0.02
http://6zwq6bghdyviqf7r.onion,0.02
http://7sk2kov2xwx6cbc32phynrifegg6pklmzs7luwcggtzrnlsolxxuyfyd.onion,0.02
http://b5tearqs4v4nvbup.onion,0.02
http://bocl4xqbak4xvlh4.onion,0.02
http://clgs64523yi2bkhz.onion,0.02
http://cwoiopiifrlzcuos.onion,0.02
http://3g2upl4pq6kufc4m.onion,0.02
http://e3v3x57ykz25uvij.onion,0.02
http://eexekfp2ye4h643c.onion,0.02
http://ehcxwl4f62lkek65.onion,0.02
http://ex4gh7cig5ssn2xm.onion,0.02
http://expyuzz4wqqyqhjn.onion,0.02
http://f6syxyjdgzbeacry.onion,0.02
http://f7bphdxlqca3sevt.onion,0.02
http://gl3n4wtekbfaubye.onion,0.02
http://gmg7jl25ony5g7ws.onion,0.02
http://habaivdfcyamjhkk.onion,0.02
http://hcxmf67v3ltykmww.onion,0.02
http://hd37oiauf5uoz7gg.onion,0.02
http://hdfcrogj3fayr7wl.onion,0.02
http://keybase5wmilwokqirssclfnsqrjdsi7jdir5wy7y7iu3tanwmtp6oid.onion,0.02
http://ktqxbqrhg5ai2c7f.onion,0.02
http://lljrzrimek6if67j.onion,0.02
http://m4hynbhhctdk27jr.onion,0.02
http://m6rqq6kocsyugo2laitup5nn32bwm3lh677chuodjfmggczoafzwfcad.onion,0.02
http://vral2uljb3ndhhxr.onion,0.02
http://nbybwh4atabu6xq3.onion,0.02
http://nrkvarslekidu2uz.onion,0.02
http://pugljpwjhbiagkrn.onion,0.02
http://rbugf2rz5lmjbfun.onion,0.02
http://sejnfjrq6szgca7v.onion,0.02
http://sgvtcaew4bxjd7ln.onion,0.02
http://smb7p276iht3i2fj.onion,0.02
http://sml5wmpuq7ifq2mh.onion,0.02
http://ugw3zjsayleoamaz.onion,0.02
http://vwakviie2ienjx6t.onion,0.02
http://w7t5f3u4mej6dvpt.onion,0.02
http://www.qubesosfasa4zl44o4tws22di6kepyzfeqv3tg4e3ztknltfxqrymdad.onion,0.02
http://xpx3m5hcnrkds5wg.onion,0.02
http://xwt2mqq64h63ydp5.onion,0.02
http://zdfsyv3rubuhpql3.onion,0.02
http://ztjn5gcdsqeqzmw4.onion,0.02